<?xml version="1.0" encoding="UTF-8"?>
<project-private xmlns="http://www.netbeans.org/ns/project-private/1">
    <editor-bookmarks xmlns="http://www.netbeans.org/ns/editor-bookmarks/2" lastBookmarkId="0"/>
    <open-files xmlns="http://www.netbeans.org/ns/projectui-open-files/2">
        <group>
            <file>file:/C:/Users/VeLoCiRaPtOr/Desktop/Latinoamericana%202024-1/ZISVIIA-Ingenieria%20del%20Software%20II%20M6-8.3/CLASE%2013/EsteganografiaJAVA/src/esteganografiajava/HideText.java</file>
            <file>file:/C:/Users/VeLoCiRaPtOr/Desktop/Latinoamericana%202024-1/ZISVIIA-Ingenieria%20del%20Software%20II%20M6-8.3/CLASE%2013/EsteganografiaJAVA/src/esteganografiajava/FragMultiStegCrypt.java</file>
            <file>file:/C:/Users/VeLoCiRaPtOr/Desktop/Latinoamericana%202024-1/ZISVIIA-Ingenieria%20del%20Software%20II%20M6-8.3/CLASE%2013/EsteganografiaJAVA/src/esteganografiajava/EsteganografiaJAVA.java</file>
            <file>file:/C:/Users/VeLoCiRaPtOr/Desktop/Latinoamericana%202024-1/ZISVIIA-Ingenieria%20del%20Software%20II%20M6-8.3/CLASE%2013/EsteganografiaJAVA/src/esteganografiajava/StegCrypt.java</file>
            <file>file:/C:/Users/VeLoCiRaPtOr/Desktop/Latinoamericana%202024-1/ZISVIIA-Ingenieria%20del%20Software%20II%20M6-8.3/CLASE%2013/EsteganografiaJAVA/src/esteganografiajava/Steganography.java</file>
        </group>
    </open-files>
</project-private>
